name,email
John,john@example.com
Jane,jane@example.com
Michael,michael@example.com
Emily,emily@example.com
Chris,chris@example.com
Sarah,sarah@example.com
David,david@example.com
Anna,anna@example.com
James,james@example.com
Laura,laura@example.com
Tom,tom@example.com
Sophia,sophia@example.com
Brian,brian@example.com
Rachel,rachel@example.com
Robert,robert@example.com
Linda,linda@example.com
Daniel,daniel@example.com
Samantha,samantha@example.com
Joseph,joseph@example.com
Emma,emma@example.com
Oliver,oliver@example.com
Henry,henry@example.com
Mia,mia@example.com
Noah,noah@example.com
Ava,ava@example.com
Ethan,ethan@example.com
Olivia,olivia@example.com
Lucas,lucas@example.com
Chloe,chloe@example.com
Liam,liam@example.com
Isabella,isabella@example.com
Jack,jack@example.com
Amelia,amelia@example.com
Ben,ben@example.com
Sophia,sophia@mail.com
Elijah,elijah@example.com
Lily,lily@example.com
Matthew,matthew@example.com
Grace,grace@example.com
Alexander,alexander@example.com
Zoe,zoe@example.com
Ryan,ryan@example.com
Hannah,hannah@example.com
Leo,leo@example.com
Scarlett,scarlett@example.com
Samuel,samuel@example.com
Abigail,abigail@example.com
Nathan,nathan@example.com
Ellie,ellie@example.com
Mason,mason@example.com
Natalie,natalie@example.com
Jacob,jacob@example.com
Sophie,sophie@example.com
William,william@example.com
Leah,leah@example.com
Dylan,dylan@example.com
Eva,eva@example.com
Isaac,isaac@example.com
Victoria,victoria@example.com
Eli,eli@example.com
Luna,luna@example.com
Aiden,aiden@example.com
Bella,bella@example.com
Logan,logan@example.com
Julia,julia@example.com
Owen,owen@example.com
Madeline,madeline@example.com
Caleb,caleb@example.com
Avery,avery@example.com
Carter,carter@example.com
Stella,stella@example.com
Sebastian,sebastian@example.com
Sienna,sienna@example.com
Jason,jason@example.com
Violet,violet@example.com
Luke,luke@example.com
Lucy,lucy@example.com
Isaiah,isaiah@example.com
Hazel,hazel@example.com
Adam,adam@example.com
Ruby,ruby@example.com
Connor,connor@example.com
Lydia,lydia@example.com
Zachary,zachary@example.com
Harper,harper@example.com
Jaxon,jaxon@example.com
Penelope,penelope@example.com
Evan,evan@example.com
Aurora,aurora@example.com
Miles,miles@example.com
Aria,aria@example.com
Brandon,brandon@example.com
Alice,alice@example.com
Eliot,eliot@example.com
Piper,piper@example.com
Hunter,hunter@example.com
Laila,laila@example.com
Jordan,jordan@example.com
Athena,athena@example.com
Theo,theo@example.com
Jasmine,jasmine@example.com
Colton,colton@example.com
Skye,skye@example.com
Dom,Dom@example.com
